{
  "project_info": {
    "project_number": "937701787238",
    "project_id": "parcial2-f1aaf",
    "storage_bucket": "parcial2-f1aaf.appspot.com"
  },
  "client": [
    {
      "client_info": {
        "mobilesdk_app_id": "1:937701787238:android:8a39655820beef5907cfa7",
        "android_client_info": {
          "package_name": "sv.edu.udb.parcial2"
        }
      },
      "oauth_client": [
        {
          "client_id": "937701787238-lek6nd8etbbtm7vrbhiecu1ku5888cq6.apps.googleusercontent.com",
          "client_type": 3
        }
      ],
      "api_key": [
        {
          "current_key": "AIzaSyCcpznKxJjAuZQbTIEd3n0IZ_fXRk5FWzo"
        }
      ],
      "services": {
        "appinvite_service": {
          "other_platform_oauth_client": [
            {
              "client_id": "937701787238-lek6nd8etbbtm7vrbhiecu1ku5888cq6.apps.googleusercontent.com",
              "client_type": 3
            }
          ]
        }
      }
    }
  ],
  "configuration_version": "1"
}